{"cameraMode":{"drawMode":0,"name":"Shaded","section":"Shading Mode"},"sceneLighting":true,"audioPlay":false,"sceneViewState":{"m_AlwaysRefresh":false,"showFog":true,"showSkybox":true,"showFlares":true,"showImageEffects":true,"showParticleSystems":true,"showVisualEffectGraphs":true,"m_FxEnabled":true},"in2DMode":false,"pivot":{"x":1.4550505876541138,"y":1.0656235218048096,"z":2.61832857131958},"rotation":{"x":0.09019777923822403,"y":-0.8950725793838501,"z":0.21108263731002809,"w":0.3824331760406494},"size":3.3032240867614748,"orthographic":true}