{"cameraMode":{"drawMode":0,"name":"Shaded","section":"Shading Mode"},"sceneLighting":true,"audioPlay":false,"sceneViewState":{"m_AlwaysRefresh":false,"showFog":true,"showSkybox":true,"showFlares":true,"showImageEffects":true,"showParticleSystems":true,"showVisualEffectGraphs":true,"m_FxEnabled":true},"in2DMode":false,"pivot":{"x":-0.4584372043609619,"y":0.15170232951641084,"z":0.23997686803340913},"rotation":{"x":0.08735069632530213,"y":-0.8871898055076599,"z":0.1879858672618866,"w":0.41225752234458926},"size":2.831167697906494,"orthographic":true}